ORF,adjCMR
k141_36880_1,0.4354466581147295
k141_40233_1,6.195000857354508
k141_12092_1,5.112958888089996
k141_8051_1,4.766317607541522
