ORF,adjCMR
k141_339747_1,0.474842804476685
k141_433786_1,1.1172771870039646
